week,price
2013-01-04,680.25
2013-01-11,708.75
2013-01-18,727.5
2013-01-25,720.75
2013-02-01,736.0
2013-02-08,709.0
2013-02-15,698.75
2013-02-22,690.25
2013-03-01,724.25
2013-03-08,725.25
2013-03-15,717.0
2013-03-22,726.25
2013-03-29,695.25
2013-04-05,629.0
2013-04-12,658.5
2013-04-19,652.0
2013-04-26,644.0
2013-05-03,699.5
2013-05-10,687.75
2013-05-17,652.75
2013-05-24,657.25
2013-05-31,662.0
2013-06-07,666.25
2013-06-14,655.0
2013-06-21,661.75
2013-06-28,679.25
2013-07-05,684.75
2013-07-12,701.5
2013-07-19,544.0
2013-07-26,492.0
2013-08-02,476.0
2013-08-09,465.75
2013-08-16,473.75
2013-08-23,495.5
2013-08-30,495.0
2013-09-06,491.5
2013-09-13,450.0
2013-09-20,451.0
2013-09-27,454.0
2013-10-04,443.25
2013-10-11,433.25
2013-10-18,441.5
2013-10-25,440.0
2013-11-01,427.25
2013-11-08,426.75
2013-11-15,422.0
2013-11-22,422.25
2013-11-29,415.25
2013-12-06,424.0
2013-12-13,420.5
2013-12-20,433.25
2013-12-27,427.5
2014-01-03,423.5
2014-01-10,432.75
2014-01-17,424.0
2014-01-24,429.5
2014-01-31,434.0
2014-02-07,444.25
2014-02-14,445.25
2014-02-21,453.0
2014-02-28,457.5
2014-03-07,481.0
2014-03-14,472.25
2014-03-21,479.0
2014-03-28,492.0
2014-04-04,501.75
2014-04-11,498.5
2014-04-18,494.75
2014-04-25,507.0
2014-05-02,494.0
2014-05-09,505.0
2014-05-16,483.5
2014-05-23,478.0
2014-05-30,465.75
2014-06-06,459.0
2014-06-13,447.0
2014-06-20,453.25
2014-06-27,443.0
2014-07-04,417.0
2014-07-11,399.75
2014-07-18,371.25
2014-07-25,363.0
2014-08-01,352.5
2014-08-08,351.75
2014-08-15,365.75
2014-08-22,365.5
2014-08-29,359.0
2014-09-05,346.5
2014-09-12,339.0
2014-09-19,331.5
2014-09-26,323.0
2014-10-03,323.25
2014-10-10,334.0
2014-10-17,348.0
2014-10-24,353.0
2014-10-31,376.75
2014-11-07,367.5
2014-11-14,381.75
2014-11-21,372.75
2014-11-28,375.75
2014-12-05,381.5
2014-12-12,396.25
2014-12-19,410.5
2014-12-26,414.75
2015-01-02,395.75
2015-01-09,400.25
2015-01-16,387.0
2015-01-23,386.75
2015-01-30,370.0
2015-02-06,385.75
2015-02-13,387.25
2015-02-20,385.25
2015-02-27,384.5
2015-03-06,379.25
2015-03-13,374.0
2015-03-20,385.0
2015-03-27,391.0
2015-04-03,386.5
2015-04-10,377.0
2015-04-17,379.75
2015-04-24,364.5
2015-05-01,359.75
2015-05-08,358.5
2015-05-15,365.5
2015-05-22,360.0
2015-05-29,351.5
2015-06-05,360.5
2015-06-12,353.0
2015-06-19,353.25
2015-06-26,385.0
2015-07-03,419.75
2015-07-10,427.25
2015-07-17,420.25
2015-07-24,392.5
2015-07-31,371.0
2015-08-07,372.75
2015-08-14,364.0
2015-08-21,365.25
2015-08-28,363.25
2015-09-04,349.5
2015-09-11,374.5
2015-09-18,377.25
2015-09-25,389.0
2015-10-02,389.25
2015-10-09,382.75
2015-10-16,376.75
2015-10-23,379.75
2015-10-30,382.25
2015-11-06,373.0
2015-11-13,358.25
2015-11-20,363.25
2015-11-27,359.25
2015-12-04,376.25
2015-12-11,373.0
2015-12-18,374.5
2015-12-25,364.5
2016-01-01,358.75
2016-01-08,357.0
2016-01-15,363.25
2016-01-22,370.25
2016-01-29,372.0
2016-02-05,365.75
2016-02-12,358.75
2016-02-19,365.5
2016-02-26,354.5
2016-03-04,354.5
2016-03-11,366.0
2016-03-18,367.0
2016-03-25,370.0
2016-04-01,354.0
2016-04-08,362.25
2016-04-15,378.5
2016-04-22,371.75
2016-04-29,390.25
2016-05-06,376.0
2016-05-13,382.0
2016-05-20,394.5
2016-05-27,412.75
2016-06-03,418.25
2016-06-10,423.0
2016-06-17,437.75
2016-06-24,384.5
2016-07-01,353.0
2016-07-08,349.75
2016-07-15,352.25
2016-07-22,335.0
2016-07-29,334.5
2016-08-05,324.25
2016-08-12,322.25
2016-08-19,334.25
2016-08-26,316.25
2016-09-02,316.5
2016-09-09,330.0
2016-09-16,337.0
2016-09-23,336.5
2016-09-30,336.75
2016-10-07,339.75
2016-10-14,354.25
2016-10-21,352.5
2016-10-28,355.0
2016-11-04,348.75
2016-11-11,343.5
2016-11-18,345.5
2016-11-25,349.25
2016-12-02,337.5
2016-12-09,352.5
2016-12-16,356.25
2016-12-23,345.75
2016-12-30,352.0
2017-01-06,358.0
2017-01-13,358.5
2017-01-20,369.75
2017-01-27,362.5
2017-02-03,365.25
2017-02-10,374.5
2017-02-17,368.25
2017-02-24,364.0
2017-03-03,374.75
2017-03-10,358.0
2017-03-17,367.5
2017-03-24,356.25
2017-03-31,364.25
2017-04-07,359.5
2017-04-14,371.0
2017-04-21,357.0
2017-04-28,358.0
2017-05-05,361.75
2017-05-12,361.75
2017-05-19,372.5
2017-05-26,374.25
2017-06-02,372.75
2017-06-09,387.75
2017-06-16,384.0
2017-06-23,357.75
2017-06-30,370.5
2017-07-07,382.25
2017-07-14,365.25
2017-07-21,379.75
2017-07-28,374.25
2017-08-04,366.5
2017-08-11,360.75
2017-08-18,352.0
2017-08-25,338.75
2017-09-01,340.0
2017-09-08,344.25
2017-09-15,354.75
2017-09-22,353.5
2017-09-29,355.25
2017-10-06,350.0
2017-10-13,352.75
2017-10-20,344.5
2017-10-27,348.75
2017-11-03,348.25
2017-11-10,343.5
2017-11-17,343.0
2017-11-24,342.25
2017-12-01,344.75
2017-12-08,340.0
2017-12-15,347.5
2017-12-22,352.0
2017-12-29,350.75
2018-01-05,351.25
2018-01-12,346.25
2018-01-19,352.5
2018-01-26,356.5
2018-02-02,361.5
2018-02-09,362.0
2018-02-16,367.5
2018-02-23,366.25
2018-03-02,377.25
2018-03-09,383.0
2018-03-16,382.75
2018-03-23,377.25
2018-03-30,387.75
2018-04-06,388.5
2018-04-13,386.25
2018-04-20,376.5
2018-04-27,389.5
2018-05-04,398.75
2018-05-11,389.75
2018-05-18,402.5
2018-05-25,406.0
2018-06-01,391.5
2018-06-08,377.75
2018-06-15,361.25
2018-06-22,357.25
2018-06-29,350.25
2018-07-06,351.75
2018-07-13,330.25
2018-07-20,355.25
2018-07-27,362.0
2018-08-03,369.75
2018-08-10,357.75
2018-08-17,364.25
2018-08-24,348.5
2018-08-31,351.0
2018-09-07,354.25
2018-09-14,337.0
2018-09-21,357.25
2018-09-28,356.25
2018-10-05,368.25
2018-10-12,373.75
2018-10-19,367.0
2018-10-26,367.75
2018-11-02,371.25
2018-11-09,369.75
2018-11-16,364.75
2018-11-23,359.0
2018-11-30,366.5
2018-12-07,374.0
2018-12-14,376.75
2018-12-21,378.5
2018-12-28,375.5
2019-01-04,383.0
2019-01-11,378.25
2019-01-18,381.75
2019-01-25,380.25
2019-02-01,378.25
2019-02-08,374.25
2019-02-15,374.75
2019-02-22,375.25
2019-03-01,364.0
2019-03-08,354.75
2019-03-15,373.25
2019-03-22,378.25
2019-03-29,356.5
2019-04-05,362.5
2019-04-12,361.0
2019-04-19,358.5
2019-04-26,351.25
2019-05-03,363.0
2019-05-10,342.5
2019-05-17,383.25
2019-05-24,404.25
2019-05-31,427.0
2019-06-07,415.75
2019-06-14,453.0
2019-06-21,442.25
2019-06-28,420.25
2019-07-05,434.0
2019-07-12,449.5
2019-07-19,430.75
2019-07-26,414.5
2019-08-02,399.5
2019-08-09,410.25
2019-08-16,371.0
2019-08-23,359.75
2019-08-30,358.0
2019-09-06,342.5
2019-09-13,355.5
2019-09-20,370.75
2019-09-27,371.5
2019-10-04,384.75
2019-10-11,397.75
2019-10-18,391.0
2019-10-25,386.75
2019-11-01,389.25
2019-11-08,377.25
2019-11-15,371.25
2019-11-22,368.75
2019-11-29,371.25
2019-12-06,366.5
2019-12-13,366.25
2019-12-20,387.75
2019-12-27,390.0
2020-01-03,386.5
2020-01-10,385.75
2020-01-17,389.25
2020-01-24,387.25
2020-01-31,381.25
2020-02-07,383.5
2020-02-14,377.75
2020-02-21,377.0
2020-02-28,366.5
2020-03-06,377.25
2020-03-13,370.75
2020-03-20,343.75
2020-03-27,346.0
2020-04-03,330.75
2020-04-10,331.75
2020-04-17,322.25
2020-04-24,315.75
2020-05-01,311.5
2020-05-08,319.0
2020-05-15,319.25
2020-05-22,318.0
2020-05-29,325.75
2020-06-05,331.25
2020-06-12,330.0
2020-06-19,332.5
2020-06-26,317.0
2020-07-03,342.5
2020-07-10,340.5
2020-07-17,333.0
2020-07-24,326.25
2020-07-31,316.0
2020-08-07,307.75
2020-08-14,324.5
2020-08-21,327.0
2020-08-28,346.0
2020-09-04,347.25
2020-09-11,365.0
2020-09-18,378.5
2020-09-25,365.25
2020-10-02,379.75
2020-10-09,395.0
2020-10-16,402.0
2020-10-23,419.25
2020-10-30,398.5
2020-11-06,406.75
2020-11-13,410.5
2020-11-20,423.25
2020-11-27,425.5
2020-12-04,417.0
2020-12-11,424.25
2020-12-18,437.5
2020-12-25,451.0
2021-01-01,484.0
2021-01-08,496.25
2021-01-15,531.5
2021-01-22,500.5
2021-01-29,547.0
2021-02-05,548.5
2021-02-12,538.75
2021-02-19,542.75
2021-02-26,555.5
2021-03-05,562.0
2021-03-12,549.25
2021-03-19,557.75
2021-03-26,552.5
2021-04-02,559.75
2021-04-09,577.25
2021-04-16,585.5
2021-04-23,655.5
2021-04-30,740.0
2021-05-07,772.75
2021-05-14,685.0
2021-05-21,659.5
2021-05-28,656.75
2021-06-04,682.75
2021-06-11,684.5
2021-06-18,655.25
2021-06-25,636.5
2021-07-02,697.25
2021-07-09,629.75
2021-07-16,556.0
2021-07-23,547.25
2021-07-30,547.0
2021-08-06,555.0
2021-08-13,568.25
2021-08-20,538.75
2021-08-27,558.0
2021-09-03,508.0
2021-09-10,502.75
2021-09-17,527.25
2021-09-24,526.75
2021-10-01,541.5
2021-10-08,530.5
2021-10-15,525.75
2021-10-22,538.0
2021-10-29,568.25
2021-11-05,553.0
2021-11-12,577.25
2021-11-19,570.75
2021-11-26,586.75
2021-12-03,586.0
2021-12-10,588.5
2021-12-17,593.25
2021-12-24,605.75
2021-12-31,593.25
2022-01-07,606.75
2022-01-14,596.25
2022-01-21,616.25
2022-01-28,636.0
2022-02-04,620.5
2022-02-11,651.0
2022-02-18,654.25
2022-02-25,659.5
2022-03-04,756.5
2022-03-11,764.5
2022-03-18,741.75
2022-03-25,754.0
2022-04-01,735.0
2022-04-08,768.75
2022-04-15,790.25
2022-04-22,793.0
2022-04-29,818.25
2022-05-06,792.25
2022-05-13,794.5
2022-05-20,778.75
2022-05-27,777.25
2022-06-03,727.0
2022-06-10,773.25
2022-06-17,784.5
2022-06-24,750.25
2022-07-01,754.5
2022-07-08,778.25
2022-07-15,604.25
2022-07-22,564.25
2022-07-29,616.25
2022-08-05,610.25
2022-08-12,639.75
2022-08-19,626.0
2022-08-26,668.75
2022-09-02,669.0
2022-09-09,698.5
2022-09-16,677.25
2022-09-23,676.75
2022-09-30,677.5
2022-10-07,683.25
2022-10-14,689.75
2022-10-21,684.25
2022-10-28,680.75
2022-11-04,681.0
2022-11-11,658.0
2022-11-18,667.75
2022-11-25,668.0
2022-12-02,635.0
2022-12-09,634.75
2022-12-16,653.0
2022-12-23,666.25
2022-12-30,678.5
2023-01-06,654.0
2023-01-13,675.0
2023-01-20,676.25
2023-01-27,683.0
2023-02-03,677.5
2023-02-10,680.5
2023-02-17,677.75
2023-02-24,650.0
2023-03-03,645.25
2023-03-10,624.25
2023-03-17,634.25
2023-03-24,643.0
2023-03-31,660.5
2023-04-07,643.5
2023-04-14,666.25
2023-04-21,663.25
2023-04-28,636.0
2023-05-05,653.25
2023-05-12,633.25
2023-05-19,554.5
2023-05-26,604.0
2023-06-02,609.0
2023-06-09,604.25
2023-06-16,640.25
2023-06-23,630.75
2023-06-30,554.5
2023-07-07,560.5
2023-07-14,599.75
2023-07-21,527.0
2023-07-28,521.0
2023-08-04,484.25
2023-08-11,474.5
2023-08-18,479.5
2023-08-25,470.75
2023-09-01,464.75
2023-09-08,468.5
2023-09-15,476.25
2023-09-22,477.25
2023-09-29,476.75
2023-10-06,492.0
2023-10-13,493.25
2023-10-20,495.5
2023-10-27,480.75
2023-11-03,477.25
2023-11-10,464.0
2023-11-17,467.0
2023-11-24,463.25
2023-12-01,464.5
2023-12-08,465.75
2023-12-15,483.0
2023-12-22,473.0
2023-12-29,471.25
2024-01-05,460.75
2024-01-12,447.0
2024-01-19,445.5
2024-01-26,446.25
2024-02-02,442.75
2024-02-09,429.0
2024-02-16,416.5
2024-02-23,399.75
2024-03-01,412.25
2024-03-08,426.25
2024-03-15,436.75
2024-03-22,439.25
2024-03-29,442.0
2024-04-05,434.25
2024-04-12,435.5
2024-04-19,433.5
2024-04-26,440.0
2024-05-03,447.0
2024-05-10,455.75
2024-05-17,452.5
2024-05-24,464.75
2024-05-31,446.25
2024-06-07,448.75
2024-06-14,450.0
2024-06-21,435.0
2024-06-28,397.25
2024-07-05,411.25
2024-07-12,400.0
2024-07-19,390.5
2024-07-26,394.5
2024-08-02,386.5
2024-08-09,376.75
2024-08-16,370.5
2024-08-23,367.75
2024-08-30,378.0
2024-09-06,383.75
2024-09-13,390.75
2024-09-20,401.75
2024-09-27,418.0
2024-10-04,424.75
2024-10-11,415.75
2024-10-18,404.75
2024-10-25,415.25
2024-11-01,414.5
2024-11-08,431.0
2024-11-15,424.0
2024-11-22,425.5
2024-11-29,423.0
2024-12-06,430.75
2024-12-13,430.0
2024-12-20,446.25
2024-12-27,454.0
2025-01-03,450.75
2025-01-10,470.5
2025-01-17,484.25
2025-01-24,486.5
2025-01-31,482.0
2025-02-07,487.5
2025-02-14,496.25
2025-02-21,491.25
2025-02-28,453.5
2025-03-07,455.25
2025-03-14,445.5
2025-03-21,464.25
2025-03-28,453.25
2025-04-04,460.25
2025-04-11,490.25
2025-04-18,482.25
2025-04-25,478.75
2025-05-02,461.25
2025-05-09,441.5
2025-05-16,443.5
2025-05-23,459.5
2025-05-30,444.0
2025-06-06,442.5
2025-06-13,444.5
2025-06-20,428.75
2025-06-27,417.5
2025-07-04,431.5
2025-07-11,403.0
2025-07-18,408.5
2025-07-25,399.5
2025-08-01,389.5
2025-08-08,382.75
2025-08-15,383.75
2025-08-22,388.25
2025-08-29,398.0
2025-09-05,399.0
2025-09-12,399.0
2025-09-19,424.0
2025-09-26,422.0
2025-10-03,419.0
2025-10-10,413.0
2025-10-17,422.5
2025-10-24,423.25
2025-10-31,431.5
2025-11-07,427.25
2025-11-14,430.25
2025-11-21,425.5
2025-11-28,435.5
2025-12-05,436.75
2025-12-12,431.5
2025-12-19,443.75
2025-12-26,450.0
2026-01-02,437.5
2026-01-09,445.75
2026-01-16,424.75
2026-01-23,430.5
2026-01-30,428.25
2026-02-06,430.25
2026-02-13,431.75
2026-02-20,427.5
2026-02-27,438.75
2026-03-06,447.0
2026-03-13,452.5
2026-03-20,465.5
2026-03-27,462.0
2026-04-03,452.25
2026-04-10,441.0
2026-04-17,448.75
2026-04-24,455.0
2026-05-01,468.25
2026-05-08,456.25
2026-05-15,455.75
2026-05-22,463.25
2026-05-29,446.75
2026-06-05,417.5
2026-06-12,412.75
2026-06-19,417.5
2026-06-26,412.75
2026-07-03,425.0
2026-07-10,438.0
2026-07-17,444.75
2026-07-24,464.25
2026-07-31,440.75
2026-08-07,439.0
2026-08-14,459.0
2026-08-21,483.75
2026-08-28,512.0
2026-09-04,512.0
2026-09-11,510.25
2026-09-18,527.5
2026-09-25,528.25
2026-10-02,497.75
2026-10-09,501.25
