week,oil,dxy,wheat,soy
2013-01-04,93.08999633789062,80.5,102.0999984741211,23.450000762939453
2013-01-11,93.55999755859375,79.55999755859375,102.94999694824219,23.479999542236328
2013-01-18,95.55999755859375,80.05000305175781,107.25,24.190000534057617
2013-01-25,95.87999725341797,79.75,105.0999984741211,24.34000015258789
2013-02-01,97.7699966430664,79.12999725341797,103.6500015258789,24.940000534057617
2013-02-08,95.72000122070312,80.25,102.0,24.260000228881836
2013-02-15,95.86000061035156,80.58000183105469,100.19999694824219,23.860000610351562
2013-02-22,93.12999725341797,81.4800033569336,96.19999694824219,24.15999984741211
2013-03-01,90.68000030517578,82.30999755859375,95.8499984741211,24.110000610351562
2013-03-08,91.94999694824219,82.69999694824219,92.44999694824219,24.389999389648438
2013-03-15,93.44999694824219,82.26000213623047,95.75,23.5
2013-03-22,93.70999908447266,82.52999877929688,96.0,23.969999313354492
2013-03-29,97.2300033569336,82.98999786376953,92.0,24.229999542236328
2013-04-05,92.69999694824219,82.5,93.75,23.100000381469727
2013-04-12,91.29000091552734,82.30999755859375,94.55000305175781,23.440000534057617
2013-04-19,88.01000213623047,82.70999908447266,94.69999694824219,23.1299991607666
2013-04-26,93.0,82.4800033569336,91.19999694824219,23.200000762939453
2013-05-03,95.61000061035156,82.0999984741211,95.6500015258789,23.469999313354492
2013-05-10,96.04000091552734,83.13999938964844,93.8499984741211,23.1200008392334
2013-05-17,96.0199966430664,84.27999877929688,91.0,23.579999923706055
2013-05-24,94.1500015258789,83.69999694824219,91.69999694824219,23.940000534057617
2013-05-31,91.97000122070312,83.37999725341797,94.25,24.770000457763672
2013-06-07,96.02999877929688,81.69000244140625,93.19999694824219,25.229999542236328
2013-06-14,97.8499984741211,80.66999816894531,90.3499984741211,24.690000534057617
2013-06-21,93.69000244140625,82.31999969482422,91.55000305175781,24.020000457763672
2013-06-28,96.55999755859375,83.16999816894531,85.25,23.549999237060547
2013-07-05,103.22000122070312,84.41999816894531,85.25,23.479999542236328
2013-07-12,105.94999694824219,82.98999786376953,88.30000305175781,23.649999618530273
2013-07-19,108.05000305175781,82.58000183105469,85.9000015258789,23.829999923706055
2013-07-26,104.69999694824219,81.62000274658203,83.80000305175781,23.010000228881836
2013-08-02,106.94000244140625,81.91000366210938,85.4000015258789,22.25
2013-08-09,105.97000122070312,81.12999725341797,81.69999694824219,22.200000762939453
2013-08-16,107.45999908447266,81.26000213623047,81.94999694824219,23.25
2013-08-23,106.41999816894531,81.33999633789062,81.69999694824219,24.100000381469727
2013-08-30,107.6500015258789,82.08999633789062,82.8499984741211,24.510000228881836
2013-09-06,110.52999877929688,82.1500015258789,81.30000305175781,24.489999771118164
2013-09-13,108.20999908447266,81.44999694824219,80.5,24.489999771118164
2013-09-20,104.68000030517578,80.44000244140625,80.94999694824219,23.739999771118164
2013-09-27,102.87000274658203,80.2699966430664,84.3499984741211,23.829999923706055
2013-10-04,103.83999633789062,80.12000274658203,85.25,23.479999542236328
2013-10-11,102.0199966430664,80.36000061035156,85.55000305175781,22.950000762939453
2013-10-18,100.80999755859375,79.63999938964844,86.8499984741211,23.280000686645508
2013-10-25,97.8499984741211,79.18000030517578,85.75,23.200000762939453
2013-11-01,94.61000061035156,80.7300033569336,83.0,22.600000381469727
2013-11-08,94.5999984741211,81.20999908447266,80.9000015258789,23.15999984741211
2013-11-15,93.83999633789062,80.83999633789062,79.5,22.889999389648438
2013-11-22,94.83999633789062,80.70999908447266,80.0999984741211,23.489999771118164
2013-11-29,92.72000122070312,80.68000030517578,80.3499984741211,23.43000030517578
2013-12-06,97.6500015258789,80.2699966430664,79.30000305175781,23.329999923706055
2013-12-13,96.5999984741211,80.20999908447266,77.30000305175781,23.420000076293945
2013-12-20,99.31999969482422,80.58000183105469,75.30000305175781,23.690000534057617
2013-12-27,100.31999969482422,80.38999938964844,74.5,23.270000457763672
2014-01-03,93.95999908447266,80.79000091552734,73.75,22.68000030517578
2014-01-10,92.72000122070312,80.66000366210938,70.5,22.40999984741211
2014-01-17,94.37000274658203,81.26000213623047,69.5,23.040000915527344
2014-01-24,96.63999938964844,80.45999908447266,69.8499984741211,22.5
2014-01-31,97.48999786376953,81.2699966430664,67.5,22.5
2014-02-07,99.87999725341797,80.69000244140625,70.5999984741211,23.059999465942383
2014-02-14,100.30000305175781,80.12999725341797,72.0,23.270000457763672
2014-02-21,102.19999694824219,80.23999786376953,73.5,23.8700008392334
2014-02-28,102.58999633789062,79.77999877929688,72.44999694824219,24.59000015258789
2014-03-07,102.58000183105469,79.72000122070312,78.69999694824219,25.049999237060547
2014-03-14,98.88999938964844,79.44000244140625,81.6500015258789,24.139999389648438
2014-03-21,99.45999908447266,80.11000061035156,81.69999694824219,24.350000381469727
2014-03-28,101.66999816894531,80.18000030517578,82.3499984741211,24.6200008392334
2014-04-04,101.13999938964844,80.41999816894531,80.25,25.09000015258789
2014-04-11,103.73999786376953,79.44999694824219,79.19999694824219,25.18000030517578
2014-04-18,104.30000305175781,79.83000183105469,82.30000305175781,25.860000610351562
2014-04-25,100.5999984741211,79.7699966430664,84.3499984741211,25.770000457763672
2014-05-02,99.76000213623047,79.5199966430664,84.75,25.479999542236328
2014-05-09,99.98999786376953,79.9000015258789,85.6500015258789,25.530000686645508
2014-05-16,102.0199966430664,80.04000091552734,79.75,25.459999084472656
2014-05-23,104.3499984741211,80.38999938964844,77.75,26.31999969482422
2014-05-30,102.70999908447266,80.37000274658203,75.44999694824219,25.549999237060547
2014-06-06,102.66000366210938,80.41000366210938,75.0,25.40999984741211
2014-06-13,106.91000366210938,80.58000183105469,70.9000015258789,25.389999389648438
2014-06-20,107.26000213623047,80.37000274658203,70.5999984741211,25.510000228881836
2014-06-27,105.73999786376953,80.04000091552734,70.5999984741211,25.329999923706055
2014-07-04,104.05999755859375,80.20999908447266,69.5999984741211,23.709999084472656
2014-07-11,100.83000183105469,80.19000244140625,63.349998474121094,22.520000457763672
2014-07-18,103.12999725341797,80.5199966430664,64.44999694824219,22.75
2014-07-25,102.08999633789062,81.02999877929688,64.75,23.020000457763672
2014-08-01,97.87999725341797,81.30000305175781,63.79999923706055,22.18000030517578
2014-08-08,97.6500015258789,81.38999938964844,64.6500015258789,22.540000915527344
2014-08-15,97.3499984741211,81.41999816894531,64.55000305175781,21.950000762939453
2014-08-22,93.6500015258789,82.33999633789062,64.0,21.770000457763672
2014-08-29,95.95999908447266,82.75,64.30000305175781,21.43000030517578
2014-09-05,93.29000091552734,83.76000213623047,61.150001525878906,21.290000915527344
2014-09-12,92.2699966430664,84.23999786376953,57.650001525878906,20.5
2014-09-19,92.41000366210938,84.80000305175781,54.599998474121094,20.049999237060547
2014-09-26,93.54000091552734,85.63999938964844,53.900001525878906,19.170000076293945
2014-10-03,89.73999786376953,86.69000244140625,55.099998474121094,19.079999923706055
2014-10-10,85.81999969482422,85.91000366210938,55.900001525878906,19.3700008392334
2014-10-17,82.75,85.19000244140625,57.599998474121094,19.8799991607666
2014-10-24,81.01000213623047,85.7300033569336,58.29999923706055,20.280000686645508
2014-10-31,80.54000091552734,86.87999725341797,59.45000076293945,21.3700008392334
2014-11-07,78.6500015258789,87.63999938964844,57.400001525878906,21.290000915527344
2014-11-14,75.81999969482422,87.52999877929688,61.20000076293945,21.030000686645508
2014-11-21,76.51000213623047,88.30999755859375,60.25,21.239999771118164
2014-11-28,66.1500015258789,88.36000061035156,62.75,20.729999542236328
2014-12-05,65.83999633789062,89.33000183105469,63.95000076293945,21.149999618530273
2014-12-12,57.810001373291016,88.36000061035156,64.8499984741211,21.270000457763672
2014-12-19,56.52000045776367,89.5999984741211,67.6500015258789,21.110000610351562
2014-12-26,54.72999954223633,90.02999877929688,65.55000305175781,21.399999618530273
2015-01-02,52.689998626708984,91.08000183105469,62.70000076293945,20.450000762939453
2015-01-09,48.36000061035156,91.94000244140625,60.70000076293945,21.190000534057617
2015-01-16,48.689998626708984,92.5199966430664,57.349998474121094,20.06999969482422
2015-01-23,45.59000015258789,95.0,57.04999923706055,19.719999313354492
2015-01-30,48.2400016784668,94.80000305175781,54.75,19.489999771118164
2015-02-06,51.689998626708984,94.69999694824219,56.79999923706055,19.719999313354492
2015-02-13,52.779998779296875,94.19999694824219,56.650001525878906,20.030000686645508
2015-02-20,50.34000015258789,94.25,54.150001525878906,20.139999389648438
2015-02-27,49.7599983215332,95.25,54.849998474121094,20.649999618530273
2015-03-06,49.61000061035156,97.62000274658203,51.79999923706055,19.790000915527344
2015-03-13,44.84000015258789,100.33000183105469,53.45000076293945,19.59000015258789
2015-03-20,45.720001220703125,97.91000366210938,56.70000076293945,19.559999465942383
2015-03-27,48.869998931884766,97.29000091552734,54.45000076293945,19.440000534057617
2015-04-03,49.13999938964844,97.44000244140625,56.79999923706055,20.040000915527344
2015-04-10,51.63999938964844,99.38999938964844,55.650001525878906,19.299999237060547
2015-04-17,55.7400016784668,97.5199966430664,51.900001525878906,19.579999923706055
2015-04-24,57.150001525878906,96.91999816894531,51.900001525878906,19.510000228881836
2015-05-01,59.150001525878906,95.30000305175781,50.5,19.280000686645508
2015-05-08,59.38999938964844,94.79000091552734,51.29999923706055,19.489999771118164
2015-05-15,59.689998626708984,93.13999938964844,53.650001525878906,19.18000030517578
2015-05-22,59.720001220703125,96.01000213623047,53.849998474121094,18.670000076293945
2015-05-29,60.29999923706055,96.91000366210938,49.900001525878906,18.56999969482422
2015-06-05,59.130001068115234,96.30999755859375,52.95000076293945,18.780000686645508
2015-06-12,59.959999084472656,94.97000122070312,52.25,18.510000228881836
2015-06-19,59.61000061035156,94.08999633789062,50.75,19.079999923706055
2015-06-26,59.630001068115234,95.47000122070312,56.95000076293945,19.75
2015-07-03,56.93000030517578,96.11000061035156,58.54999923706055,20.530000686645508
2015-07-10,52.7400016784668,96.02999877929688,57.25,20.350000381469727
2015-07-17,50.88999938964844,97.86000061035156,55.400001525878906,20.049999237060547
2015-07-24,48.13999938964844,97.23999786376953,51.25,19.219999313354492
2015-07-31,47.119998931884766,97.37000274658203,49.849998474121094,18.809999465942383
2015-08-07,43.869998931884766,97.55999755859375,51.0,19.219999313354492
2015-08-14,42.5,96.56999969482422,50.5,18.389999389648438
2015-08-21,40.45000076293945,94.83000183105469,49.45000076293945,17.989999771118164
2015-08-28,45.220001220703125,96.11000061035156,48.099998474121094,17.799999237060547
2015-09-04,46.04999923706055,96.2300033569336,46.599998474121094,17.420000076293945
2015-09-11,44.630001068115234,95.19000244140625,48.150001525878906,17.600000381469727
2015-09-18,44.68000030517578,94.86000061035156,47.95000076293945,17.540000915527344
2015-09-25,45.70000076293945,96.2699966430664,50.20000076293945,17.979999542236328
2015-10-02,45.540000915527344,95.83000183105469,50.20000076293945,17.75
2015-10-09,49.630001068115234,94.80999755859375,50.20000076293945,17.940000534057617
2015-10-16,47.2599983215332,94.54000091552734,48.75,18.15999984741211
2015-10-23,44.599998474121094,97.06999969482422,48.29999923706055,17.959999084472656
2015-10-30,46.59000015258789,96.94999694824219,50.650001525878906,17.829999923706055
2015-11-06,44.290000915527344,99.16000366210938,50.54999923706055,17.479999542236328
2015-11-13,40.7400016784668,98.98999786376953,48.0,17.260000228881836
2015-11-20,40.38999938964844,99.56999969482422,47.04999923706055,17.299999237060547
2015-11-27,41.709999084472656,100.0199966430664,46.5,17.600000381469727
2015-12-04,39.970001220703125,98.3499984741211,47.0,18.260000228881836
2015-12-11,35.619998931884766,97.56999969482422,47.5,17.56999969482422
2015-12-18,34.72999954223633,98.69999694824219,47.25,17.920000076293945
2015-12-25,38.099998474121094,97.9800033569336,45.599998474121094,17.520000457763672
2016-01-01,37.040000915527344,98.62999725341797,45.70000076293945,17.329999923706055
2016-01-08,33.15999984741211,98.54000091552734,46.150001525878906,17.329999923706055
2016-01-15,29.420000076293945,98.95999908447266,45.599998474121094,17.450000762939453
2016-01-22,32.189998626708984,99.56999969482422,45.849998474121094,17.459999084472656
2016-01-29,33.619998931884766,99.61000061035156,46.150001525878906,17.43000030517578
2016-02-05,30.889999389648438,97.02999877929688,44.79999923706055,17.350000381469727
2016-02-12,29.440000534057617,95.9800033569336,44.25,17.450000762939453
2016-02-19,29.639999389648438,96.5999984741211,44.70000076293945,17.540000915527344
2016-02-26,32.779998779296875,98.1500015258789,43.29999923706055,17.139999389648438
2016-03-04,35.91999816894531,97.33999633789062,44.04999923706055,17.479999542236328
2016-03-11,38.5,96.16999816894531,45.45000076293945,17.739999771118164
2016-03-18,39.439998626708984,94.98999786376953,44.349998474121094,17.809999465942383
2016-03-25,39.459999084472656,96.13999938964844,44.29999923706055,18.040000915527344
2016-04-01,36.790000915527344,94.62000274658203,45.150001525878906,18.219999313354492
2016-04-08,39.720001220703125,94.23999786376953,43.849998474121094,18.149999618530273
2016-04-15,40.36000061035156,94.69999694824219,43.95000076293945,18.829999923706055
2016-04-22,43.72999954223633,95.12000274658203,44.45000076293945,19.100000381469727
2016-04-29,45.91999816894531,93.08000183105469,45.95000076293945,19.520000457763672
2016-05-06,44.65999984741211,93.88999938964844,43.70000076293945,19.739999771118164
2016-05-13,46.209999084472656,94.61000061035156,44.0,20.010000228881836
2016-05-20,47.75,95.30999755859375,43.650001525878906,19.889999389648438
2016-05-27,49.33000183105469,95.5199966430664,44.650001525878906,20.1299991607666
2016-06-03,48.619998931884766,94.02999877929688,46.04999923706055,20.530000686645508
2016-06-10,49.06999969482422,94.5999984741211,46.20000076293945,21.610000610351562
2016-06-17,47.97999954223633,94.20999908447266,45.29999923706055,21.350000381469727
2016-06-24,47.63999938964844,95.44999694824219,42.900001525878906,20.3700008392334
2016-07-01,48.9900016784668,95.6500015258789,39.900001525878906,21.139999389648438
2016-07-08,45.40999984741211,96.30000305175781,40.54999923706055,19.90999984741211
2016-07-15,45.95000076293945,96.58000183105469,40.29999923706055,19.860000610351562
2016-07-22,44.189998626708984,97.47000122070312,40.099998474121094,18.93000030517578
2016-07-29,41.599998474121094,95.52999877929688,39.0,19.079999923706055
2016-08-05,41.79999923706055,96.19000244140625,39.25,18.690000534057617
2016-08-12,44.4900016784668,95.72000122070312,39.25,18.799999237060547
2016-08-19,48.52000045776367,94.51000213623047,39.349998474121094,19.110000610351562
2016-08-26,47.63999938964844,95.56999969482422,36.54999923706055,18.559999465942383
2016-09-02,44.439998626708984,95.87999725341797,36.0,18.389999389648438
2016-09-09,45.880001068115234,95.33999633789062,36.150001525878906,18.81999969482422
2016-09-16,43.029998779296875,96.11000061035156,36.150001525878906,18.649999618530273
2016-09-23,44.47999954223633,95.4800033569336,36.099998474121094,18.510000228881836
2016-09-30,48.2400016784668,95.45999908447266,35.95000076293945,18.479999542236328
2016-10-07,49.810001373291016,96.5199966430664,35.29999923706055,18.579999923706055
2016-10-14,50.349998474121094,98.0199966430664,37.099998474121094,18.770000457763672
2016-10-21,50.849998474121094,98.69999694824219,36.849998474121094,19.1200008392334
2016-10-28,48.70000076293945,98.3499984741211,36.5,19.40999984741211
2016-11-04,44.06999969482422,97.06999969482422,36.599998474121094,19.040000915527344
2016-11-11,44.65999984741211,98.79000091552734,35.849998474121094,19.059999465942383
2016-11-18,45.689998626708984,101.20999908447266,35.900001525878906,19.15999984741211
2016-11-25,46.060001373291016,101.48999786376953,35.650001525878906,19.90999984741211
2016-12-02,51.68000030517578,100.7699966430664,34.29999923706055,19.719999313354492
2016-12-09,51.5,101.56999969482422,34.75,19.90999984741211
2016-12-16,51.900001525878906,102.94999694824219,34.54999923706055,19.809999465942383
2016-12-23,53.02000045776367,103.01000213623047,33.54999923706055,18.969999313354492
2016-12-30,53.720001220703125,102.38999938964844,34.400001525878906,19.100000381469727
2017-01-06,53.9900016784668,102.22000122070312,35.5,18.940000534057617
2017-01-13,52.369998931884766,101.18000030517578,35.95000076293945,19.780000686645508
2017-01-20,52.41999816894531,100.73999786376953,36.400001525878906,20.06999969482422
2017-01-27,53.16999816894531,100.52999877929688,35.54999923706055,19.850000381469727
2017-02-03,53.83000183105469,99.87000274658203,36.0,19.5
2017-02-10,53.86000061035156,100.80000305175781,37.5,20.010000228881836
2017-02-17,53.400001525878906,100.94999694824219,37.150001525878906,19.6299991607666
2017-02-24,53.9900016784668,101.08999633789062,36.5,19.239999771118164
2017-03-03,53.33000183105469,101.54000091552734,36.79999923706055,19.5
2017-03-10,48.4900016784668,101.25,36.0,19.0
2017-03-17,48.779998779296875,100.30000305175781,35.54999923706055,18.93000030517578
2017-03-24,47.970001220703125,99.62999725341797,34.70000076293945,18.559999465942383
2017-03-31,50.599998474121094,100.3499984741211,34.70000076293945,18.1200008392334
2017-04-07,52.2400016784668,101.18000030517578,34.400001525878906,18.059999465942383
2017-04-14,53.18000030517578,100.55999755859375,34.849998474121094,18.309999465942383
2017-04-21,49.619998931884766,99.9800033569336,33.400001525878906,18.15999984741211
2017-04-28,49.33000183105469,99.05000305175781,34.0,18.06999969482422
2017-05-05,46.220001220703125,98.6500015258789,34.79999923706055,18.280000686645508
2017-05-12,47.84000015258789,99.25,34.20000076293945,18.170000076293945
2017-05-19,50.33000183105469,97.1500015258789,34.45000076293945,18.020000457763672
2017-05-26,49.79999923706055,97.4000015258789,34.599998474121094,17.649999618530273
2017-06-02,47.65999984741211,96.72000122070312,33.95000076293945,17.65999984741211
2017-06-09,45.83000183105469,97.2699966430664,35.0,17.969999313354492
2017-06-16,44.7400016784668,97.16000366210938,36.5,18.020000457763672
2017-06-23,43.0099983215332,97.30000305175781,35.70000076293945,17.34000015258789
2017-06-30,46.040000915527344,95.66000366210938,39.150001525878906,18.049999237060547
2017-07-07,44.22999954223633,96.01000213623047,39.70000076293945,19.049999237060547
2017-07-14,46.540000915527344,95.11000061035156,38.650001525878906,18.950000762939453
2017-07-21,45.77000045776367,93.94000244140625,37.95000076293945,19.280000686645508
2017-07-28,49.709999084472656,93.26000213623047,36.849998474121094,19.030000686645508
2017-08-04,49.58000183105469,93.54000091552734,35.45000076293945,18.1200008392334
2017-08-11,48.81999969482422,93.06999969482422,34.400001525878906,17.940000534057617
2017-08-18,48.5099983215332,93.43000030517578,33.04999923706055,17.770000457763672
2017-08-25,47.869998931884766,92.73999786376953,32.400001525878906,17.899999618530273
2017-09-01,47.290000915527344,92.80999755859375,32.54999923706055,18.030000686645508
2017-09-08,47.47999954223633,91.33000183105469,32.45000076293945,18.260000228881836
2017-09-15,49.88999938964844,91.87000274658203,32.900001525878906,18.3700008392334
2017-09-22,50.65999984741211,92.16999816894531,33.099998474121094,18.6200008392334
2017-09-29,51.66999816894531,93.08000183105469,32.900001525878906,18.360000610351562
2017-10-06,49.290000915527344,93.80000305175781,32.650001525878906,18.450000762939453
2017-10-13,51.45000076293945,93.08999633789062,32.400001525878906,18.8700008392334
2017-10-20,51.470001220703125,93.69999694824219,31.5,18.489999771118164
2017-10-27,53.900001525878906,94.91999816894531,31.5,18.469999313354492
2017-11-03,55.63999938964844,94.94000244140625,31.399999618530273,18.450000762939453
2017-11-10,56.7400016784668,94.38999938964844,31.450000762939453,18.459999084472656
2017-11-17,56.54999923706055,93.66000366210938,31.149999618530273,18.549999237060547
2017-11-24,58.95000076293945,92.76000213623047,30.600000381469727,18.549999237060547
2017-12-01,58.36000061035156,92.9000015258789,30.850000381469727,18.600000381469727
2017-12-08,57.36000061035156,93.9000015258789,29.600000381469727,18.510000228881836
2017-12-15,57.29999923706055,93.93000030517578,29.450000762939453,18.139999389648438
2017-12-22,58.470001220703125,93.3499984741211,29.700000762939453,17.81999969482422
2017-12-29,60.41999816894531,92.12000274658203,30.0,17.8799991607666
2018-01-05,61.439998626708984,91.94999694824219,30.100000381469727,18.010000228881836
2018-01-12,64.30000305175781,90.97000122070312,29.600000381469727,17.829999923706055
2018-01-19,63.369998931884766,90.56999969482422,29.850000381469727,18.139999389648438
2018-01-26,66.13999938964844,89.06999969482422,30.899999618530273,18.270000457763672
2018-02-02,65.44999694824219,89.19999694824219,31.25,18.139999389648438
2018-02-09,59.20000076293945,90.44000244140625,31.350000381469727,18.18000030517578
2018-02-16,61.68000030517578,89.0999984741211,32.150001525878906,18.809999465942383
2018-02-23,63.54999923706055,89.87999725341797,31.649999618530273,19.010000228881836
2018-03-02,61.25,89.94000244140625,33.900001525878906,19.329999923706055
2018-03-09,62.040000915527344,90.08999633789062,33.349998474121094,18.920000076293945
2018-03-16,62.34000015258789,90.2300033569336,31.950000762939453,19.010000228881836
2018-03-23,65.87999725341797,89.44000244140625,31.399999618530273,18.739999771118164
2018-03-30,64.94000244140625,90.1500015258789,31.0,19.049999237060547
2018-04-06,62.060001373291016,90.11000061035156,32.099998474121094,18.84000015258789
2018-04-13,67.38999938964844,89.80000305175781,32.45000076293945,19.059999465942383
2018-04-20,68.37999725341797,90.31999969482422,31.600000381469727,18.8799991607666
2018-04-27,68.0999984741211,91.54000091552734,32.900001525878906,18.950000762939453
2018-05-04,69.72000122070312,92.56999969482422,34.400001525878906,18.799999237060547
2018-05-11,70.69999694824219,92.54000091552734,32.900001525878906,18.309999465942383
2018-05-18,71.27999877929688,93.63999938964844,34.0,18.149999618530273
2018-05-25,67.87999725341797,94.19000244140625,35.29999923706055,18.8700008392334
2018-06-01,65.80999755859375,94.19000244140625,34.29999923706055,18.799999237060547
2018-06-08,65.73999786376953,93.55000305175781,34.29999923706055,18.020000457763672
2018-06-15,65.05999755859375,94.79000091552734,32.849998474121094,17.0
2018-06-22,68.58000183105469,94.5199966430664,32.04999923706055,16.84000015258789
2018-06-29,74.1500015258789,94.62999725341797,31.899999618530273,16.239999771118164
2018-07-06,73.80000305175781,94.04000091552734,32.599998474121094,16.469999313354492
2018-07-13,71.01000213623047,94.75,31.399999618530273,15.510000228881836
2018-07-20,70.45999908447266,94.45999908447266,32.599998474121094,16.020000457763672
2018-07-27,68.69000244140625,94.68000030517578,33.400001525878906,16.360000610351562
2018-08-03,68.48999786376953,95.13999938964844,35.150001525878906,16.68000030517578
2018-08-10,67.62999725341797,96.36000061035156,34.599998474121094,16.030000686645508
2018-08-17,65.91000366210938,96.0999984741211,35.25,16.649999618530273
2018-08-24,68.72000122070312,95.1500015258789,32.75,15.890000343322754
2018-08-31,69.80000305175781,95.13999938964844,33.349998474121094,15.789999961853027
2018-09-07,67.75,95.37000274658203,31.5,15.789999961853027
2018-09-14,68.98999786376953,94.9800033569336,31.600000381469727,15.550000190734863
2018-09-21,70.77999877929688,94.22000122070312,32.0,15.880000114440918
2018-09-28,73.25,95.19000244140625,31.25,15.850000381469727
2018-10-05,74.33999633789062,95.62000274658203,32.099998474121094,16.25
2018-10-12,71.33999633789062,95.22000122070312,31.899999618530273,16.229999542236328
2018-10-19,69.12000274658203,95.70999908447266,31.549999237060547,15.979999542236328
2018-10-26,67.58999633789062,96.36000061035156,31.100000381469727,15.779999732971191
2018-11-02,63.13999938964844,96.54000091552734,31.0,16.309999465942383
2018-11-09,60.189998626708984,96.91000366210938,30.25,16.280000686645508
2018-11-16,56.459999084472656,96.47000122070312,30.399999618530273,16.309999465942383
2018-11-23,50.41999816894531,96.91999816894531,29.850000381469727,16.15999984741211
2018-11-30,50.93000030517578,97.2699966430664,30.350000381469727,16.360000610351562
2018-12-07,52.61000061035156,96.51000213623047,31.100000381469727,16.75
2018-12-14,51.20000076293945,97.44000244140625,31.049999237060547,16.479999542236328
2018-12-21,45.59000015258789,96.95999908447266,30.149999618530273,16.139999389648438
2018-12-28,45.33000183105469,96.38999938964844,30.149999618530273,16.200000762939453
2019-01-04,47.959999084472656,96.19000244140625,30.299999237060547,16.639999389648438
2019-01-11,51.59000015258789,95.66999816894531,30.399999618530273,16.450000762939453
2019-01-18,53.79999923706055,96.33999633789062,30.149999618530273,16.559999465942383
2019-01-25,53.689998626708984,95.79000091552734,30.5,16.670000076293945
2019-02-01,55.2599983215332,95.58000183105469,30.450000762939453,16.600000381469727
2019-02-08,52.720001220703125,96.63999938964844,29.950000762939453,16.59000015258789
2019-02-15,55.59000015258789,96.91999816894531,29.25,16.459999084472656
2019-02-22,57.2599983215332,96.51000213623047,28.399999618530273,16.489999771118164
2019-03-01,55.79999923706055,96.52999877929688,26.700000762939453,16.25
2019-03-08,56.06999969482422,97.37000274658203,25.649999618530273,16.010000228881836
2019-03-15,58.52000045776367,96.5999984741211,26.75,16.149999618530273
2019-03-22,59.040000915527344,96.6500015258789,26.950000762939453,16.049999237060547
2019-03-29,60.13999938964844,97.27999877929688,26.450000762939453,15.75
2019-04-05,63.08000183105469,97.4000015258789,26.850000381469727,16.049999237060547
2019-04-12,63.88999938964844,96.97000122070312,26.700000762939453,15.9399995803833
2019-04-19,64.0,97.47000122070312,25.600000381469727,15.720000267028809
2019-04-26,63.29999923706055,98.01000213623047,25.399999618530273,15.319999694824219
2019-05-03,61.939998626708984,97.5199966430664,25.049999237060547,14.899999618530273
2019-05-10,61.65999984741211,97.33000183105469,24.399999618530273,14.420000076293945
2019-05-17,62.7599983215332,98.0,26.149999618530273,14.569999694824219
2019-05-24,58.630001068115234,97.61000061035156,27.450000762939453,14.739999771118164
2019-05-31,53.5,97.75,28.200000762939453,15.470000267028809
2019-06-07,53.9900016784668,96.61000061035156,28.100000381469727,15.119999885559082
2019-06-14,52.5099983215332,97.56999969482422,29.549999237060547,15.699999809265137
2019-06-21,57.43000030517578,96.22000122070312,28.950000762939453,15.729999542236328
2019-06-28,58.470001220703125,96.12999725341797,28.649999618530273,15.729999542236328
2019-07-05,57.5099983215332,97.25,28.299999237060547,15.270000457763672
2019-07-12,60.209999084472656,96.80999755859375,28.700000762939453,15.899999618530273
2019-07-19,55.630001068115234,97.1500015258789,27.649999618530273,15.699999809265137
2019-07-26,56.20000076293945,98.01000213623047,27.100000381469727,15.390000343322754
2019-08-02,55.65999984741211,98.0999984741211,26.5,14.979999542236328
2019-08-09,54.5,97.48999786376953,26.950000762939453,15.34000015258789
2019-08-16,54.869998931884766,98.13999938964844,25.549999237060547,15.149999618530273
2019-08-23,54.16999816894531,97.63999938964844,25.600000381469727,14.770000457763672
2019-08-30,55.099998474121094,98.91999816894531,24.799999237060547,14.960000038146973
2019-09-06,56.52000045776367,98.38999938964844,24.899999618530273,14.779999732971191
2019-09-13,54.849998474121094,98.26000213623047,25.899999618530273,15.4399995803833
2019-09-20,58.09000015258789,98.51000213623047,26.0,15.180000305175781
2019-09-27,55.90999984741211,99.11000061035156,26.100000381469727,15.220000267028809
2019-10-04,52.810001373291016,98.80999755859375,26.350000381469727,15.640000343322754
2019-10-11,54.70000076293945,98.30000305175781,27.149999618530273,15.920000076293945
2019-10-18,53.779998779296875,97.27999877929688,28.149999618530273,15.930000305175781
2019-10-25,56.65999984741211,97.83000183105469,27.600000381469727,15.75
2019-11-01,56.20000076293945,97.23999786376953,27.450000762939453,15.789999961853027
2019-11-08,57.2400016784668,98.3499984741211,27.100000381469727,15.680000305175781
2019-11-15,57.720001220703125,98.0,26.700000762939453,15.479999542236328
2019-11-22,57.77000045776367,98.2699966430664,27.299999237060547,15.180000305175781
2019-11-29,55.16999816894531,98.2699966430664,28.350000381469727,14.899999618530273
2019-12-06,59.20000076293945,97.69999694824219,27.549999237060547,15.100000381469727
2019-12-13,60.06999969482422,97.16999816894531,27.899999618530273,15.350000381469727
2019-12-20,60.439998626708984,97.70999908447266,28.5,15.569999694824219
2019-12-27,61.720001220703125,96.91999816894531,29.100000381469727,15.6899995803833
2020-01-03,63.04999923706055,96.83999633789062,29.049999237060547,15.65999984741211
2020-01-10,59.040000915527344,97.36000061035156,29.450000762939453,15.729999542236328
2020-01-17,58.540000915527344,97.61000061035156,29.549999237060547,15.430000305175781
2020-01-24,54.189998626708984,97.8499984741211,29.549999237060547,15.039999961853027
2020-01-31,51.560001373291016,97.38999938964844,28.600000381469727,14.579999923706055
2020-02-07,50.31999969482422,98.68000030517578,28.799999237060547,14.729999542236328
2020-02-14,52.04999923706055,99.12000274658203,28.100000381469727,14.829999923706055
2020-02-21,53.380001068115234,99.26000213623047,28.700000762939453,14.720000267028809
2020-02-28,44.7599983215332,98.12999725341797,27.149999618530273,14.569999694824219
2020-03-06,41.279998779296875,95.94999694824219,26.600000381469727,14.529999732971191
2020-03-13,31.729999542236328,98.75,26.299999237060547,13.9399995803833
2020-03-20,22.43000030517578,102.81999969482422,27.5,13.850000381469727
2020-03-27,21.510000228881836,98.37000274658203,28.5,14.109999656677246
2020-04-03,28.34000015258789,100.58000183105469,28.0,13.729999542236328
2020-04-10,22.760000228881836,99.5199966430664,28.600000381469727,14.0
2020-04-17,18.270000457763672,99.77999877929688,27.549999237060547,13.649999618530273
2020-04-24,16.940000534057617,100.37999725341797,27.299999237060547,13.4399995803833
2020-05-01,19.780000686645508,98.80000305175781,26.549999237060547,13.739999771118164
2020-05-08,24.739999771118164,99.7300033569336,26.850000381469727,13.649999618530273
2020-05-15,29.43000030517578,100.4000015258789,25.850000381469727,13.479999542236328
2020-05-22,33.25,99.86000061035156,26.100000381469727,13.539999961853027
2020-05-29,35.4900016784668,98.33999633789062,26.75,13.65999984741211
2020-06-05,39.54999923706055,96.94000244140625,26.649999618530273,14.119999885559082
2020-06-12,36.2599983215332,97.31999969482422,26.049999237060547,14.039999961853027
2020-06-19,39.75,97.62000274658203,25.049999237060547,14.039999961853027
2020-06-26,38.4900016784668,97.5,24.299999237060547,13.720000267028809
2020-07-03,40.650001525878906,97.31999969482422,25.200000762939453,14.229999542236328
2020-07-10,40.54999923706055,96.6500015258789,27.049999237060547,14.180000305175781
2020-07-17,40.59000015258789,95.94000244140625,26.950000762939453,14.25
2020-07-24,41.290000915527344,94.44000244140625,27.299999237060547,14.279999732971191
2020-07-31,40.27000045776367,93.48999786376953,27.049999237060547,14.229999542236328
2020-08-07,41.220001220703125,93.44000244140625,25.350000381469727,13.920000076293945
2020-08-14,42.0099983215332,93.0999984741211,25.700000762939453,14.300000190734863
2020-08-21,42.34000015258789,93.25,26.75,14.40999984741211
2020-08-28,42.970001220703125,92.37000274658203,27.549999237060547,15.069999694824219
2020-09-04,39.77000045776367,92.72000122070312,27.649999618530273,15.300000190734863
2020-09-11,37.33000183105469,93.33000183105469,27.25,15.579999923706055
2020-09-18,41.11000061035156,92.93000030517578,28.75,16.170000076293945
2020-09-25,40.25,94.58000183105469,27.200000762939453,15.529999732971191
2020-10-02,37.04999923706055,93.83999633789062,28.399999618530273,15.829999923706055
2020-10-09,40.599998474121094,93.05999755859375,29.149999618530273,16.270000457763672
2020-10-16,40.880001068115234,93.68000030517578,30.0,16.06999969482422
2020-10-23,39.849998474121094,92.7699966430664,30.700000762939453,16.440000534057617
2020-10-30,35.790000915527344,94.04000091552734,29.049999237060547,16.1299991607666
2020-11-06,37.13999938964844,92.2300033569336,29.600000381469727,16.829999923706055
2020-11-13,40.130001068115234,92.76000213623047,29.350000381469727,17.510000228881836
2020-11-20,42.150001525878906,92.38999938964844,29.200000762939453,17.8799991607666
2020-11-27,45.529998779296875,91.79000091552734,29.549999237060547,18.040000915527344
2020-12-04,46.2599983215332,90.69999694824219,28.149999618530273,17.639999389648438
2020-12-11,46.56999969482422,90.9800033569336,29.799999237060547,17.75
2020-12-18,49.099998474121094,90.0199966430664,29.5,18.489999771118164
2020-12-25,48.22999954223633,90.33000183105469,30.200000762939453,18.899999618530273
2021-01-01,48.52000045776367,89.94000244140625,30.950000762939453,19.469999313354492
2021-01-08,52.2400016784668,90.0999984741211,30.950000762939453,20.440000534057617
2021-01-15,52.36000061035156,90.77999877929688,32.20000076293945,21.040000915527344
2021-01-22,52.27000045776367,90.23999786376953,30.5,19.479999542236328
2021-01-29,52.20000076293945,90.58000183105469,31.5,20.15999984741211
2021-02-05,56.849998474121094,91.04000091552734,31.0,20.290000915527344
2021-02-12,59.470001220703125,90.4800033569336,30.799999237060547,20.420000076293945
2021-02-19,59.2400016784668,90.36000061035156,31.5,20.690000534057617
2021-02-26,61.5,90.93000030517578,31.450000762939453,21.06999969482422
2021-03-05,66.08999633789062,91.9800033569336,31.450000762939453,21.450000762939453
2021-03-12,65.61000061035156,91.68000030517578,30.799999237060547,21.309999465942383
2021-03-19,61.41999816894531,91.91999816894531,30.0,20.93000030517578
2021-03-26,60.970001220703125,92.7699966430664,29.649999618530273,20.8700008392334
2021-04-02,61.45000076293945,92.93000030517578,29.600000381469727,21.25
2021-04-09,59.31999969482422,92.16000366210938,31.100000381469727,21.350000381469727
2021-04-16,63.130001068115234,91.55999755859375,31.850000381469727,21.56999969482422
2021-04-23,62.13999938964844,90.86000061035156,34.5,22.700000762939453
2021-04-30,63.58000183105469,91.27999877929688,35.5,22.950000762939453
2021-05-07,64.9000015258789,90.2300033569336,36.79999923706055,24.059999465942383
2021-05-14,65.37000274658203,90.31999969482422,34.150001525878906,23.6200008392334
2021-05-21,63.58000183105469,90.0199966430664,33.099998474121094,23.020000457763672
2021-05-28,66.31999969482422,90.02999877929688,33.0,23.3799991607666
2021-06-04,69.62000274658203,90.13999938964844,34.29999923706055,24.360000610351562
2021-06-11,70.91000366210938,90.55999755859375,34.0,24.3700008392334
2021-06-18,71.63999938964844,92.2300033569336,33.0,22.440000534057617
2021-06-25,74.05000305175781,91.80999755859375,31.799999237060547,21.889999389648438
2021-07-02,75.16000366210938,92.2300033569336,32.599998474121094,23.81999969482422
2021-07-09,74.55999755859375,92.12999725341797,30.850000381469727,22.700000762939453
2021-07-16,71.80999755859375,92.69000244140625,34.150001525878906,23.610000610351562
2021-07-23,72.06999969482422,92.91000366210938,33.54999923706055,23.040000915527344
2021-07-30,73.94999694824219,92.16999816894531,34.54999923706055,23.110000610351562
2021-08-06,68.27999877929688,92.80000305175781,35.650001525878906,23.0
2021-08-13,68.44000244140625,92.5199966430664,37.20000076293945,23.31999969482422
2021-08-20,62.31999969482422,93.5,35.400001525878906,22.299999237060547
2021-08-27,68.73999786376953,92.69000244140625,35.599998474121094,22.829999923706055
2021-09-03,69.29000091552734,92.04000091552734,35.349998474121094,22.479999542236328
2021-09-10,69.72000122070312,92.58000183105469,33.54999923706055,22.3700008392334
2021-09-17,71.97000122070312,93.19999694824219,34.400001525878906,22.299999237060547
2021-09-24,73.9800033569336,93.33000183105469,35.20000076293945,22.3700008392334
2021-10-01,75.87999725341797,94.04000091552734,36.650001525878906,21.8799991607666
2021-10-08,79.3499984741211,94.06999969482422,35.849998474121094,21.889999389648438
2021-10-15,82.27999877929688,93.94000244140625,36.0,21.450000762939453
2021-10-22,83.76000213623047,93.61000061035156,36.95000076293945,21.440000534057617
2021-10-29,83.56999969482422,94.12000274658203,37.650001525878906,21.770000457763672
2021-11-05,81.2699966430664,94.31999969482422,37.650001525878906,21.040000915527344
2021-11-12,80.79000091552734,95.12999725341797,39.70000076293945,21.719999313354492
2021-11-19,76.0999984741211,96.06999969482422,40.04999923706055,22.0
2021-11-26,68.1500015258789,96.08999633789062,40.150001525878906,21.760000228881836
2021-12-03,66.26000213623047,96.12000274658203,38.54999923706055,21.81999969482422
2021-12-10,71.66999816894531,96.05000305175781,37.75,21.969999313354492
2021-12-17,70.86000061035156,96.56999969482422,37.150001525878906,22.049999237060547
2021-12-24,73.79000091552734,96.0199966430664,38.95000076293945,22.780000686645508
2021-12-31,75.20999908447266,95.66999816894531,36.95000076293945,22.75
2022-01-07,78.9000015258789,95.73999786376953,36.54999923706055,23.829999923706055
2022-01-14,83.81999969482422,95.16999816894531,35.70000076293945,23.209999084472656
2022-01-21,85.13999938964844,95.63999938964844,37.20000076293945,23.799999237060547
2022-01-28,86.81999969482422,97.2699966430664,37.849998474121094,24.610000610351562
2022-02-04,92.30999755859375,95.4800033569336,36.900001525878906,25.790000915527344
2022-02-11,93.0999984741211,96.08000183105469,38.54999923706055,26.389999389648438
2022-02-18,91.06999969482422,96.04000091552734,38.29999923706055,26.65999984741211
2022-02-25,91.58999633789062,96.62000274658203,40.54999923706055,26.100000381469727
2022-03-04,115.68000030517578,98.6500015258789,54.150001525878906,27.0
2022-03-11,109.33000183105469,99.12000274658203,51.75,27.790000915527344
2022-03-18,104.69999694824219,98.2300033569336,49.95000076293945,27.280000686645508
2022-03-25,113.9000015258789,98.80999755859375,53.04999923706055,27.989999771118164
2022-04-01,99.2699966430664,98.62999725341797,48.45000076293945,26.459999084472656
2022-04-08,98.26000213623047,99.80000305175781,52.650001525878906,28.15999984741211
2022-04-15,106.94999694824219,100.31999969482422,54.54999923706055,28.290000915527344
2022-04-22,102.06999969482422,101.22000122070312,52.900001525878906,28.450000762939453
2022-04-29,104.69000244140625,102.95999908447266,52.099998474121094,28.579999923706055
2022-05-06,109.7699966430664,103.66000366210938,55.0,27.780000686645508
2022-05-13,110.48999786376953,104.55999755859375,58.20000076293945,27.8700008392334
2022-05-20,113.2300033569336,103.1500015258789,57.5,28.420000076293945
2022-05-27,115.06999969482422,101.66999816894531,57.900001525878906,28.68000030517578
2022-06-03,118.87000274658203,102.13999938964844,53.400001525878906,28.3799991607666
2022-06-10,120.66999816894531,104.1500015258789,55.25,28.989999771118164
2022-06-17,109.55999755859375,104.69999694824219,53.0,28.469999313354492
2022-06-24,107.62000274658203,104.19000244140625,47.599998474121094,26.549999237060547
2022-07-01,108.43000030517578,105.13999938964844,43.150001525878906,26.030000686645508
2022-07-08,104.79000091552734,107.01000213623047,45.75,26.040000915527344
2022-07-15,97.58999633789062,108.05999755859375,40.29999923706055,25.149999618530273
2022-07-22,94.69999694824219,106.7300033569336,39.150001525878906,24.65999984741211
2022-07-29,98.62000274658203,105.9000015258789,42.29999923706055,27.3799991607666
2022-08-05,89.01000213623047,106.62000274658203,40.79999923706055,26.299999237060547
2022-08-12,92.08999633789062,105.62999725341797,41.849998474121094,27.15999984741211
2022-08-19,90.7699966430664,108.16999816894531,39.5,26.459999084472656
2022-08-26,93.05999755859375,108.80000305175781,41.79999923706055,27.520000457763672
2022-09-02,86.87000274658203,109.52999877929688,41.54999923706055,26.700000762939453
2022-09-09,86.79000091552734,109.0,44.04999923706055,26.65999984741211
2022-09-16,85.11000061035156,109.76000213623047,43.650001525878906,27.1299991607666
2022-09-23,78.73999786376953,113.19000244140625,44.099998474121094,26.8799991607666
2022-09-30,79.48999786376953,112.12000274658203,45.75,26.110000610351562
2022-10-07,92.63999938964844,112.80000305175781,44.599998474121094,26.290000915527344
2022-10-14,85.61000061035156,113.30999755859375,43.75,26.459999084472656
2022-10-21,85.05000305175781,112.01000213623047,43.400001525878906,26.610000610351562
2022-10-28,87.9000015258789,110.66999816894531,42.75,26.5
2022-11-04,92.61000061035156,110.87999725341797,43.599998474121094,27.649999618530273
2022-11-11,88.95999908447266,106.29000091552734,42.20000076293945,27.389999389648438
2022-11-18,80.08000183105469,106.93000030517578,41.349998474121094,27.010000228881836
2022-11-25,76.27999877929688,105.95999908447266,40.349998474121094,27.209999084472656
2022-12-02,79.9800033569336,104.55000305175781,38.650001525878906,27.25
2022-12-09,71.0199966430664,104.80999755859375,37.25,27.920000076293945
2022-12-16,74.29000091552734,104.69999694824219,38.25,27.690000534057617
2022-12-23,79.55999755859375,104.30999755859375,38.95000076293945,27.84000015258789
2022-12-30,80.26000213623047,103.5199966430664,39.900001525878906,28.5
2023-01-06,73.7699966430664,103.87999725341797,37.599998474121094,27.959999084472656
2023-01-13,79.86000061035156,102.19999694824219,37.54999923706055,28.420000076293945
2023-01-20,81.30999755859375,102.01000213623047,37.650001525878906,27.700000762939453
2023-01-27,79.68000030517578,101.93000030517578,37.95000076293945,27.829999923706055
2023-02-03,73.38999938964844,102.91999816894531,38.45000076293945,28.200000762939453
2023-02-10,79.72000122070312,103.62999725341797,40.0,28.309999465942383
2023-02-17,76.33999633789062,103.86000061035156,38.900001525878906,28.299999237060547
2023-02-24,76.31999969482422,105.20999908447266,36.29999923706055,28.1200008392334
2023-03-03,79.68000030517578,104.5199966430664,35.95000076293945,28.18000030517578
2023-03-10,76.68000030517578,104.58000183105469,34.650001525878906,27.860000610351562
2023-03-17,66.73999786376953,103.70999908447266,35.75,27.06999969482422
2023-03-24,69.26000213623047,103.12000274658203,35.150001525878906,26.290000915527344
2023-03-31,75.66999816894531,102.51000213623047,35.29999923706055,27.139999389648438
2023-04-07,80.69999694824219,101.81999969482422,34.54999923706055,27.030000686645508
2023-04-14,82.5199966430664,101.55000305175781,34.75,26.979999542236328
2023-04-21,77.87000274658203,101.81999969482422,33.70000076293945,26.709999084472656
2023-04-28,76.77999877929688,101.66999816894531,31.899999618530273,26.31999969482422
2023-05-05,71.33999633789062,101.20999908447266,33.04999923706055,26.6299991607666
2023-05-12,70.04000091552734,102.68000030517578,31.950000762939453,25.68000030517578
2023-05-19,71.55000305175781,103.19999694824219,30.700000762939453,24.649999618530273
2023-05-26,72.66999816894531,104.20999908447266,31.299999237060547,24.920000076293945
2023-06-02,71.73999786376953,104.0199966430664,31.600000381469727,24.729999542236328
2023-06-09,70.16999816894531,103.55999755859375,31.899999618530273,25.110000610351562
2023-06-16,71.77999877929688,102.30000305175781,34.29999923706055,27.56999969482422
2023-06-23,69.16000366210938,102.9000015258789,36.150001525878906,27.059999465942383
2023-06-30,70.63999938964844,102.91000366210938,32.20000076293945,27.31999969482422
2023-07-07,73.86000061035156,102.2699966430664,32.25,27.190000534057617
2023-07-14,75.41999816894531,99.91000366210938,32.79999923706055,28.25
2023-07-21,77.06999969482422,101.06999969482422,34.400001525878906,28.790000915527344
2023-07-28,80.58000183105469,101.62000274658203,34.95000076293945,28.510000228881836
2023-08-04,82.81999969482422,102.0199966430664,32.54999923706055,27.8799991607666
2023-08-11,83.19000244140625,102.83999633789062,32.20000076293945,27.34000015258789
2023-08-18,81.25,103.37999725341797,31.450000762939453,28.309999465942383
2023-08-25,79.83000183105469,104.08000183105469,30.700000762939453,28.56999969482422
2023-09-01,85.55000305175781,104.23999786376953,29.600000381469727,28.520000457763672
2023-09-08,87.51000213623047,105.08999633789062,29.649999618530273,28.479999542236328
2023-09-15,90.7699966430664,105.31999969482422,29.899999618530273,28.030000686645508
2023-09-22,90.02999877929688,105.58000183105469,29.0,27.260000228881836
2023-09-29,90.79000091552734,106.16999816894531,27.850000381469727,27.06999969482422
2023-10-06,82.79000091552734,106.04000091552734,28.950000762939453,26.90999984741211
2023-10-13,87.69000244140625,106.6500015258789,29.049999237060547,27.139999389648438
2023-10-20,88.75,106.16000366210938,29.350000381469727,27.459999084472656
2023-10-27,85.54000091552734,106.55999755859375,29.0,27.559999465942383
2023-11-03,80.51000213623047,105.0199966430664,28.850000381469727,28.270000457763672
2023-11-10,77.16999816894531,105.86000061035156,28.799999237060547,28.06999969482422
2023-11-17,75.88999938964844,103.81999969482422,27.850000381469727,28.1200008392334
2023-11-24,75.54000091552734,103.4000015258789,27.75,27.93000030517578
2023-12-01,74.06999969482422,103.2699966430664,28.799999237060547,27.979999542236328
2023-12-08,71.2300033569336,104.01000213623047,29.899999618530273,27.6299991607666
2023-12-15,71.43000030517578,102.55000305175781,29.700000762939453,27.719999313354492
2023-12-22,73.55999755859375,101.69999694824219,29.299999237060547,27.149999618530273
2023-12-29,71.6500015258789,101.33000183105469,29.850000381469727,27.010000228881836
2024-01-05,73.80999755859375,102.41000366210938,29.399999618530273,26.18000030517578
2024-01-12,72.68000030517578,102.4000015258789,28.700000762939453,25.850000381469727
2024-01-19,73.41000366210938,103.29000091552734,28.299999237060547,25.549999237060547
2024-01-26,78.01000213623047,103.47000122070312,28.649999618530273,25.3700008392334
2024-02-02,72.27999877929688,103.91999816894531,28.600000381469727,25.059999465942383
2024-02-09,76.83999633789062,104.08000183105469,27.950000762939453,24.8700008392334
2024-02-16,79.19000244140625,104.27999877929688,26.149999618530273,24.649999618530273
2024-02-23,76.48999786376953,103.94000244140625,26.600000381469727,24.049999237060547
2024-03-01,79.97000122070312,103.86000061035156,26.200000762939453,24.209999084472656
2024-03-08,78.01000213623047,102.73999786376953,25.700000762939453,24.969999313354492
2024-03-15,81.04000091552734,103.43000030517578,25.5,25.260000228881836
2024-03-22,80.62999725341797,104.43000030517578,26.649999618530273,25.170000076293945
2024-03-29,83.16999816894531,104.55000305175781,27.049999237060547,25.209999084472656
2024-04-05,86.91000366210938,104.30000305175781,27.299999237060547,25.15999984741211
2024-04-12,85.66000366210938,106.04000091552734,26.75,24.90999984741211
2024-04-19,83.13999938964844,106.1500015258789,26.700000762939453,24.6200008392334
2024-04-26,83.8499984741211,105.94000244140625,29.25,24.959999084472656
2024-05-03,78.11000061035156,105.02999877929688,29.350000381469727,25.549999237060547
2024-05-10,78.26000213623047,105.30999755859375,30.850000381469727,25.68000030517578
2024-05-17,80.05999755859375,104.44999694824219,30.450000762939453,25.520000457763672
2024-05-24,77.72000122070312,104.72000122070312,32.099998474121094,25.860000610351562
2024-05-31,76.98999786376953,104.66999816894531,31.600000381469727,25.270000457763672
2024-06-07,75.52999877929688,104.88999938964844,29.5,24.670000076293945
2024-06-14,78.44999694824219,105.55000305175781,28.450000762939453,24.459999084472656
2024-06-21,80.7300033569336,105.80000305175781,26.600000381469727,23.969999313354492
2024-06-28,81.54000091552734,105.87000274658203,26.549999237060547,23.649999618530273
2024-07-05,83.16000366210938,104.87999725341797,27.200000762939453,24.299999237060547
2024-07-12,82.20999908447266,104.08999633789062,25.799999237060547,22.989999771118164
2024-07-19,80.12999725341797,104.4000015258789,25.450000762939453,22.399999618530273
2024-07-26,77.16000366210938,104.31999969482422,24.600000381469727,22.6200008392334
2024-08-02,73.5199966430664,103.20999908447266,25.100000381469727,22.450000762939453
2024-08-09,76.83999633789062,103.13999938964844,25.350000381469727,21.920000076293945
2024-08-16,76.6500015258789,102.45999908447266,24.799999237060547,21.06999969482422
2024-08-23,74.83000183105469,100.72000122070312,23.950000762939453,21.350000381469727
2024-08-30,73.55000305175781,101.69999694824219,24.850000381469727,21.860000610351562
2024-09-06,67.66999816894531,101.18000030517578,25.399999618530273,22.030000686645508
2024-09-13,68.6500015258789,101.11000061035156,26.5,22.1200008392334
2024-09-20,71.91999816894531,100.72000122070312,25.549999237060547,22.170000076293945
2024-09-27,68.18000030517578,100.41999816894531,26.049999237060547,23.200000762939453
2024-10-04,74.37999725341797,102.5199966430664,26.600000381469727,22.68000030517578
2024-10-11,75.55999755859375,102.88999938964844,26.899999618530273,22.040000915527344
2024-10-18,69.22000122070312,103.48999786376953,25.700000762939453,21.239999771118164
2024-10-25,71.77999877929688,104.26000213623047,25.549999237060547,21.549999237060547
2024-11-01,69.48999786376953,104.27999877929688,25.549999237060547,21.5
2024-11-08,70.37999725341797,105.0,25.549999237060547,22.1200008392334
2024-11-15,67.0199966430664,106.69000244140625,24.200000762939453,21.3700008392334
2024-11-22,71.23999786376953,107.48999786376953,24.649999618530273,21.09000015258789
2024-11-29,68.0,105.73999786376953,23.950000762939453,21.200000762939453
2024-12-06,67.19999694824219,105.97000122070312,24.200000762939453,21.200000762939453
2024-12-13,71.29000091552734,107.0,24.100000381469727,21.09000015258789
2024-12-20,69.45999908447266,107.62000274658203,23.299999237060547,20.739999771118164
2024-12-27,70.5999984741211,108.0,23.950000762939453,21.010000228881836
2025-01-03,73.95999908447266,108.94999694824219,23.350000381469727,21.06999969482422
2025-01-10,76.56999969482422,109.6500015258789,23.549999237060547,21.760000228881836
2025-01-17,77.87999725341797,109.3499984741211,23.75,21.809999465942383
2025-01-24,74.66000366210938,107.44000244140625,24.200000762939453,22.25
2025-01-31,72.52999877929688,108.37000274658203,24.75,22.15999984741211
2025-02-07,71.0,108.04000091552734,25.600000381469727,22.280000686645508
2025-02-14,70.73999786376953,106.56999969482422,26.5,22.1299991607666
2025-02-21,70.4000015258789,106.61000061035156,26.149999618530273,22.229999542236328
2025-02-28,69.76000213623047,107.61000061035156,24.149999618530273,21.530000686645508
2025-03-07,67.04000091552734,103.83999633789062,24.049999237060547,21.520000457763672
2025-03-14,67.18000030517578,103.72000122070312,24.450000762939453,21.469999313354492
2025-03-21,68.27999877929688,104.08999633789062,24.450000762939453,21.15999984741211
2025-03-28,69.36000061035156,104.04000091552734,23.100000381469727,21.479999542236328
2025-04-04,61.9900016784668,103.0199966430664,23.100000381469727,20.729999542236328
2025-04-11,61.5,99.77999877929688,24.149999618530273,21.68000030517578
2025-04-18,64.68000030517578,99.37999725341797,23.799999237060547,21.6200008392334
2025-04-25,63.02000045776367,99.47000122070312,23.200000762939453,21.850000381469727
2025-05-02,58.290000915527344,100.0,23.049999237060547,21.75
2025-05-09,61.02000045776367,100.33999633789062,22.200000762939453,21.700000762939453
2025-05-16,62.4900016784668,101.08999633789062,22.350000381469727,21.719999313354492
2025-05-23,61.529998779296875,99.11000061035156,23.100000381469727,22.1299991607666
2025-05-30,60.790000915527344,99.33000183105469,22.649999618530273,21.6200008392334
2025-06-06,64.58000183105469,99.19000244140625,23.399999618530273,21.989999771118164
2025-06-13,72.9800033569336,98.18000030517578,23.100000381469727,22.290000915527344
2025-06-20,74.93000030517578,98.70999908447266,24.0,22.389999389648438
2025-06-27,65.5199966430664,97.4000015258789,22.399999618530273,21.729999542236328
2025-07-04,66.5,97.18000030517578,23.149999618530273,22.25
2025-07-11,68.44999694824219,97.8499984741211,22.5,21.459999084472656
2025-07-18,67.33999633789062,98.4800033569336,22.600000381469727,21.979999542236328
2025-07-25,65.16000366210938,97.6500015258789,22.299999237060547,21.760000228881836
2025-08-01,67.33000183105469,98.69000244140625,21.5,21.209999084472656
2025-08-08,63.880001068115234,98.18000030517578,21.5,21.06999969482422
2025-08-15,62.79999923706055,97.8499984741211,21.100000381469727,22.18000030517578
2025-08-22,63.65999984741211,97.72000122070312,21.100000381469727,22.399999618530273
2025-08-29,64.01000213623047,97.7699966430664,21.399999618530273,22.389999389648438
2025-09-05,61.869998931884766,97.7699966430664,20.850000381469727,21.920000076293945
2025-09-12,62.689998626708984,97.55000305175781,21.0,22.31999969482422
2025-09-19,62.68000030517578,97.63999938964844,21.049999237060547,21.959999084472656
2025-09-26,65.72000122070312,98.1500015258789,20.950000762939453,21.739999771118164
2025-10-03,60.880001068115234,97.72000122070312,20.75,21.790000915527344
2025-10-10,58.900001525878906,98.9800033569336,20.200000762939453,21.559999465942383
2025-10-17,57.540000915527344,98.43000030517578,20.25,21.81999969482422
2025-10-24,61.5,98.94999694824219,20.549999237060547,22.25
2025-10-31,60.97999954223633,99.80000305175781,21.200000762939453,23.139999389648438
2025-11-07,59.75,99.5999984741211,20.950000762939453,23.149999618530273
2025-11-14,60.09000015258789,99.2699966430664,21.049999237060547,23.360000610351562
2025-11-21,58.060001373291016,100.18000030517578,20.950000762939453,23.3799991607666
2025-11-28,58.54999923706055,99.45999908447266,20.84000015258789,23.600000381469727
2025-12-05,60.08000183105469,98.98999786376953,20.700000762939453,23.030000686645508
2025-12-12,57.439998626708984,98.4000015258789,20.530000686645508,22.520000457763672
2025-12-19,56.65999984741211,98.5999984741211,19.979999542236328,22.010000228881836
2025-12-26,56.7400016784668,98.0199966430664,20.440000534057617,22.34000015258789
2026-01-02,57.31999969482422,98.41999816894531,20.0,21.81999969482422
2026-01-09,59.119998931884766,99.12999725341797,20.34000015258789,22.1299991607666
2026-01-16,59.439998626708984,99.38999938964844,20.360000610351562,21.979999542236328
2026-01-23,61.06999969482422,97.5999984741211,20.75,22.270000457763672
2026-01-30,65.20999908447266,96.98999786376953,20.969999313354492,22.239999771118164
2026-02-06,63.54999923706055,97.62999725341797,20.700000762939453,23.010000228881836
2026-02-13,62.88999938964844,96.87999725341797,20.979999542236328,23.440000534057617
2026-02-20,66.38999938964844,97.80000305175781,22.170000076293945,23.489999771118164
2026-02-27,67.0199966430664,97.61000061035156,22.56999969482422,23.81999969482422
2026-03-06,90.9000015258789,98.98999786376953,23.610000610351562,24.40999984741211
2026-03-13,98.70999908447266,100.36000061035156,23.43000030517578,24.760000228881836
2026-03-20,98.31999969482422,99.6500015258789,22.850000381469727,24.079999923706055
2026-03-27,99.63999938964844,100.1500015258789,23.170000076293945,24.190000534057617
2026-04-03,111.54000091552734,100.02999877929688,22.8700008392334,24.350000381469727
2026-04-10,96.56999969482422,98.6500015258789,21.790000915527344,24.5
2026-04-17,83.8499984741211,98.0999984741211,22.469999313354492,24.520000457763672
2026-04-24,94.4000015258789,98.51000213623047,23.190000534057617,24.469999313354492
2026-05-01,101.94000244140625,98.20999908447266,24.010000228881836,24.950000762939453
2026-05-08,95.41999816894531,97.83999633789062,23.40999984741211,25.0
2026-05-15,105.41999816894531,99.2699966430664,24.110000610351562,24.700000762939453
2026-05-22,96.5999984741211,99.31999969482422,24.549999237060547,25.059999465942383
2026-05-29,87.36000061035156,98.91000366210938,23.3799991607666,25.149999618530273
2026-06-05,90.54000091552734,100.06999969482422,22.280000686645508,24.18000030517578
2026-06-12,84.87999725341797,99.75,22.34000015258789,24.1299991607666
2026-06-19,76.5999984741211,100.8499984741211,22.940000534057617,24.270000457763672
2026-06-26,69.2300033569336,101.36000061035156,22.170000076293945,24.5
2026-07-03,68.69000244140625,100.86000061035156,22.40999984741211,24.440000534057617
2026-07-10,71.41000366210938,100.97000122070312,23.719999313354492,25.170000076293945
2026-07-17,82.48999786376953,100.75,25.25,25.489999771118164
2026-07-24,89.30999755859375,101.47000122070312,25.219999313354492,26.280000686645508
2026-07-31,84.66999816894531,99.80000305175781,23.809999465942383,25.15999984741211
2026-08-07,78.18000030517578,99.5999984741211,23.90999984741211,25.049999237060547
2026-08-14,82.4000015258789,99.66999816894531,24.969999313354492,25.3700008392334
2026-08-21,87.05999755859375,98.80000305175781,25.40999984741211,26.239999771118164
2026-08-28,83.4000015258789,99.69999694824219,28.0,27.200000762939453
2026-09-04,91.4800033569336,99.16000366210938,26.489999771118164,27.649999618530273
2026-09-11,100.05000305175781,99.12000274658203,26.25,27.5
2026-09-18,100.30000305175781,100.22000122070312,25.860000610351562,27.68000030517578
2026-09-25,92.41000366210938,100.97000122070312,25.5,27.719999313354492
2026-10-02,91.11000061035156,101.93000030517578,24.75,27.219999313354492
2026-10-09,90.56999969482422,102.15499877929688,,
