,dm_stat,p_value,mean_loss_diff
Discrete HMM (centers),15.289422153977673,1.547185386327251e-22,0.3453636490808903
Discrete Return HMM,2.4061678694323434,0.01916587401732707,0.0017070173177957688
Moving Average,2.3387667671113355,0.02264049568835409,0.003837300909677412
ARIMA,1.276559528574991,0.20659639068235758,0.0004173942609756042
MV Gaussian HMM,1.099405675616592,0.27591126991023274,0.0004891437091410058
Regime-Switching AR,0.9150561214481758,0.36376532346317486,0.0003809345966221142
Discrete HMM + Drift,0.4545681750079793,0.6510334736056751,0.00017813886133542987
Gaussian HMM,-0.261228490195848,0.7947962762699868,-5.3873210959284835e-05
GARCH,0.2053939456249253,0.837948240787372,5.24397217725375e-05
Ensemble,0.09994069151144755,0.920719147518696,2.8664326085222503e-05
Drift,0.08670802067024619,0.9311875995741796,2.3104336105819003e-05
OHLC Gaussian HMM,0.04278663937589783,0.9660113623085067,1.3931667751152664e-05
