week,strategy
2013-01-13,1.008778091013762
2013-01-20,1.05643956523273
2013-01-27,1.0501970820945545
2013-02-03,1.0670310039480562
2013-02-10,1.0460636499796343
2013-02-17,1.0113874643600524
2013-02-24,1.008267505668716
2013-03-03,1.0209859556958167
2013-03-10,1.0232566493157451
2013-03-17,1.0449885984239848
2013-03-24,1.0656275356880556
2013-03-31,1.0581624700528227
2013-04-07,0.9326598225138633
2013-04-14,0.9325665565316119
2013-04-21,0.9432276118932691
2013-04-28,0.9232843507046493
2013-05-05,0.9768258323381719
2013-05-12,0.9514327094748602
2013-05-19,0.9696031240946044
2013-05-26,0.9727295971035331
2013-06-02,0.9850157773849862
2013-06-09,0.9854653025833622
2013-06-16,0.9710173606737644
2013-06-23,1.0000597189958016
2013-06-30,0.9514857433465789
2013-07-07,0.9513905947722442
2013-07-14,0.9513905947722442
2013-07-21,0.927701826432572
2013-07-28,0.8919362112153225
2013-08-04,0.8697255767450344
2013-08-11,0.8444713409502579
2013-08-18,0.8493548296322204
2013-08-25,0.8766363731609141
2013-09-01,0.8963577482652075
2013-09-08,0.8690788444601256
2013-09-15,0.859401617699004
2013-09-22,0.8403216954323954
2013-09-29,0.835989908985314
2013-10-06,0.8123036690159895
2013-10-13,0.8138690251178292
2013-10-20,0.8139614154442447
2013-10-27,0.8129504013008979
2013-11-03,0.7921177025560066
2013-11-10,0.7817911037863645
2013-11-17,0.7909166283126049
2013-11-24,0.7714724241875581
2013-12-01,0.7746955267176534
2013-12-08,0.7846736819705284
2013-12-15,0.7893037571857513
2013-12-22,0.7772296613850502
2013-12-29,0.7821567055066087
2014-01-05,0.7669518975022278
2014-01-12,0.7672462266849515
2014-01-19,0.7784122575631687
2014-01-26,0.7745978569440141
2014-02-02,0.7838553676508482
2014-02-09,0.8020113866533015
2014-02-16,0.8028323406965936
2014-02-23,0.8198031237973167
2014-03-02,0.8220680066563025
2014-03-09,0.8646493882394045
2014-03-16,0.8657211160258244
2014-03-23,0.861964789326131
2014-03-30,0.8750235020340602
2014-04-06,0.8969411271834308
2014-04-13,0.8968513765806272
2014-04-20,0.8942360704121652
2014-04-27,0.8931003293281574
2014-05-04,0.9060112175138219
2014-05-11,0.9068084140446071
2014-05-18,0.8720485335234809
2014-05-25,0.8413564670882488
2014-06-01,0.8332208389164604
2014-06-08,0.8090805664858939
2014-06-15,0.7890899395731896
2014-06-22,0.7869676017892449
2014-06-29,0.7852860978484826
2014-07-06,0.7397007107950705
2014-07-13,0.739626740723991
2014-07-20,0.739626740723991
2014-07-27,0.739626740723991
2014-08-03,0.739626740723991
2014-08-10,0.7383446578430224
2014-08-17,0.7433530703562329
2014-08-24,0.7409460422528691
2014-08-31,0.7332435523221048
2014-09-07,0.7140381591445818
2014-09-14,0.6874292857385759
2014-09-21,0.6796281226060589
2014-09-28,0.6540209317026949
2014-10-05,0.6458131153750754
2014-10-12,0.6789284399027207
2014-10-19,0.7010342271923715
2014-10-26,0.708034044322775
2014-11-02,0.7413497053509489
2014-11-09,0.738544994343551
2014-11-16,0.7558546660086111
2014-11-23,0.7430480804599063
2014-11-30,0.75031401622534
2014-12-07,0.7498744719629866
2014-12-14,0.7670854704262937
2014-12-21,0.7910720287432934
2014-12-28,0.7968758070645718
2015-01-04,0.7794659671492478
2015-01-11,0.774629485214849
2015-01-18,0.7489026904305726
2015-01-25,0.7484212848098998
2015-02-01,0.728208228935689
2015-02-08,0.7386526378363723
2015-02-15,0.7490043537293481
2015-02-22,0.7491000368340782
2015-03-01,0.733512661054158
2015-03-08,0.735883807993248
2015-03-15,0.7335186412482035
2015-03-22,0.7134550902251335
2015-03-29,0.7422287938756555
2015-04-05,0.728309144710209
2015-04-12,0.7202695213401227
2015-04-19,0.7100433895221048
2015-04-26,0.7035787997587848
2015-05-03,0.6795653305685798
2015-05-10,0.6753821848336655
2015-05-17,0.6758426597751785
2015-05-24,0.6751938087212285
2015-05-31,0.6582608892810428
2015-06-07,0.6676587642237416
2015-06-14,0.6686813774055433
2015-06-21,0.6594718785752817
2015-06-28,0.6911848475992282
2015-07-05,0.7688795286399808
2015-07-12,0.7856749036171171
2015-07-19,0.791885335133498
2015-07-26,0.7417324377698686
2015-08-02,0.7416582645260916
2015-08-09,0.7416582645260916
2015-08-16,0.7439227133205876
2015-08-23,0.7361367450200542
2015-08-30,0.7328267368656678
2015-09-06,0.7144241279290496
2015-09-13,0.7244545538137216
2015-09-20,0.7503548818084657
2015-09-27,0.7471387975645265
2015-10-04,0.7564858460318056
2015-10-11,0.7633001876725386
2015-10-18,0.7383747250931275
2015-10-25,0.7353562049366812
2015-11-01,0.7411017572516337
2015-11-08,0.7334097128615478
2015-11-15,0.7047855914638301
2015-11-22,0.7052714047937303
2015-11-29,0.7096502022738972
2015-12-06,0.7167916582234295
2015-12-13,0.7176564059506517
2015-12-20,0.7179414164375265
2015-12-27,0.7020650368163892
2016-01-03,0.6889116409093423
2016-01-10,0.6768124599281787
2016-01-17,0.6834162824592883
2016-01-24,0.7026382965456713
2016-01-31,0.7055078339476148
2016-02-07,0.7076162637993816
2016-02-14,0.6902047140557597
2016-02-21,0.6968052978313366
2016-02-28,0.6908816139620871
2016-03-06,0.6763849441978663
2016-03-13,0.6837725455678815
2016-03-20,0.6968474016532613
2016-03-27,0.6999234097204124
2016-04-03,0.6879375851828924
2016-04-10,0.6793192567104633
2016-04-17,0.6994027797685359
2016-04-24,0.7256302220720795
2016-05-01,0.725215661363898
2016-05-08,0.7103465347134204
2016-05-15,0.7128695252733686
2016-05-22,0.7380346557621971
2016-05-29,0.7562656106555838
2016-06-05,0.7724496720523246
2016-06-12,0.7987289344443907
2016-06-19,0.8074282318051363
2016-06-26,0.741866103557343
2016-07-03,0.7417919169469872
2016-07-10,0.7417919169469872
2016-07-17,0.7417919169469872
2016-07-24,0.7142261783904569
2016-07-31,0.7000749933647957
2016-08-07,0.6845860247249501
2016-08-14,0.683772359074679
2016-08-21,0.6984330014219062
2016-08-28,0.6870490126392843
2016-09-04,0.6581272304487917
2016-09-11,0.6840729022427972
2016-09-18,0.6842818163962452
2016-09-25,0.6921729071396403
2016-10-02,0.6793595057281637
2016-10-09,0.7065366714793363
2016-10-16,0.7093038677223754
2016-10-23,0.7258154161659401
2016-10-30,0.7244812977123425
2016-11-06,0.7163776276549126
2016-11-13,0.7073576674507811
2016-11-20,0.7001776178612266
2016-11-27,0.7184264524229378
2016-12-04,0.6988178432835213
2016-12-11,0.7164399353848885
2016-12-18,0.719749575394775
2016-12-25,0.6993236354445006
2017-01-01,0.7030465223105495
2017-01-08,0.7188204571860194
2017-01-15,0.717242605553399
2017-01-22,0.7308586771333864
2017-01-29,0.7313571389731921
2017-02-05,0.7275527022840866
2017-02-12,0.7388707181761461
2017-02-19,0.7489865613957329
2017-02-26,0.7363197664077287
2017-03-05,0.739424157424754
2017-03-12,0.7298104412055596
2017-03-19,0.714589029288551
2017-03-26,0.7046821002224121
2017-04-02,0.7041873035431931
2017-04-09,0.7127271277104531
2017-04-16,0.7222198936302827
2017-04-23,0.707665540940073
2017-04-30,0.7072733687572846
2017-05-07,0.7171949584657707
2017-05-14,0.7113233712057062
2017-05-21,0.710168845620862
2017-05-28,0.7158425142092391
2017-06-04,0.7143031467627802
2017-06-11,0.7351029330929089
2017-06-18,0.7306754191040462
2017-06-25,0.7071780745820276
2017-07-02,0.6973591093699723
2017-07-09,0.7336551946611201
2017-07-16,0.7333986334200435
2017-07-23,0.7237775868796757
2017-07-30,0.7093002025617888
2017-08-06,0.6969302855813159
2017-08-13,0.6975716886840071
2017-08-20,0.6746644350164646
2017-08-27,0.655055825877048
2017-09-03,0.643693828057947
2017-09-10,0.6540479067156761
2017-09-17,0.6491915689381571
2017-09-24,0.6426859088965751
2017-10-01,0.6469008435714029
